ID,Nombre,Apellido Paterno,Apellido Materno
ID001,Roberto,Ramos,Luna
ID002,Elena,Vázquez,Rangel
ID003,Guillermo,Vázquez,Cisneros
ID004,Sofía,Romero,Ibarra
ID005,Álvaro,Ramos,Luna
ID006,Andrés,Mendoza,Morales
ID007,Patricia,Álvarez,Ríos
ID008,Rodrigo,Gutiérrez,Herrera
ID009,Victoria,García,Reyes
ID010,Esteban,Paredes,Salgado
ID011,Paola,Mendoza,Aguilar
ID012,Luis,Ramírez,Ortega
ID013,Carmen,Vargas,Zavala
ID014,Valeria,Ortiz,Aguilar
ID015,Mariana,Salinas,Flores
ID016,Hugo,Mendoza,Bautista
ID017,Gabriela,Núñez,Villalobos
ID018,Fernando,Vázquez,Cervantes
ID019,Carlos,Mendoza,Guzmán
ID020,José,Gutiérrez,Morales
ID021,Clara,Mendoza,Salinas
ID022,Pablo,Núñez,Méndez
ID023,Lucía,Ramírez,Ortega
ID024,Marta,Pérez,Gómez
ID025,Manuel,García,Herrera
ID026,Juan,Paredes,Zavala
ID027,Adrián,Fernández,Reyes
ID028,Isabel,Ortiz,Salgado
ID029,Claudia,García,Luna
ID030,Diego,Chávez,Navarro
ID031,Laura,Martínez,Ríos
ID032,Olga,López,Campos
ID033,Felipe,Ramírez,Gómez
ID034,Pedro,Chávez,Ríos
ID035,Ricardo,Gutiérrez,Salinas
ID036,Sara,Mendoza,Quintero
ID037,Ana,Torres,Rangel
ID038,Guillermo,Ramírez,Bautista
ID039,Jorge,García,Guzmán
ID040,Sofía,Núñez,Villaseñor
